ChartType,Time,Begin,High,Low,Last,Average,Volume,
m, 09:00:00-000, 1349.00, 1349.00, 1349.00, 1349.00, 1349.00, 1
m, 09:06:00-000, 1351.00, 1355.00, 1345.00, 1351.00, 1348.64, 1219
m, 09:08:00-000, 1349.00, 1349.00, 1347.00, 1349.00, 1348.67, 6
m, 09:09:00-000, 1351.00, 1377.00, 1351.00, 1377.00, 1353.75, 16
m, 09:10:00-000, 1385.00, 1434.00, 1350.00, 1350.00, 1396.12, 16
m, 09:11:00-000, 1453.00, 1462.00, 1452.00, 1462.00, 1454.83, 12
m, 09:12:00-000, 1468.00, 1502.00, 1468.00, 1502.00, 1484.12, 16
m, 09:13:00-000, 1507.00, 1512.00, 1344.00, 1356.00, 1348.86, 6452
m, 09:14:00-000, 1355.00, 1357.00, 1350.00, 1357.00, 1354.95, 50
m, 09:15:00-000, 1357.00, 1357.00, 1351.00, 1357.00, 1355.62, 91
m, 09:16:00-000, 1356.00, 1370.00, 1345.00, 1354.00, 1354.82, 204
m, 09:17:00-000, 1353.00, 1370.00, 1345.00, 1354.00, 1354.48, 157
m, 09:18:00-000, 1354.00, 1369.00, 1345.00, 1356.00, 1352.53, 564
m, 09:19:00-000, 1358.00, 1367.00, 1345.00, 1352.00, 1353.67, 410
m, 09:20:00-000, 1351.00, 1375.00, 1343.00, 1348.00, 1352.15, 750
m, 09:21:00-000, 1348.00, 1359.00, 1342.00, 1359.00, 1349.95, 427
m, 09:22:00-000, 1349.00, 1364.00, 1344.00, 1358.00, 1350.87, 631
m, 09:23:00-000, 1350.00, 1366.00, 1344.00, 1351.00, 1350.67, 333
m, 09:24:00-000, 1356.00, 1356.00, 1344.00, 1351.00, 1350.07, 515
m, 09:25:00-000, 1351.00, 1362.00, 1343.00, 1353.00, 1351.08, 374
m, 09:26:00-000, 1354.00, 1377.00, 1345.00, 1357.00, 1348.96, 4343
m, 09:27:00-000, 1355.00, 1357.00, 1345.00, 1354.00, 1352.11, 372
m, 09:28:00-000, 1353.00, 1357.00, 1344.00, 1351.00, 1350.93, 682
m, 09:29:00-000, 1351.00, 1358.00, 1343.00, 1351.00, 1350.20, 332
m, 09:30:00-000, 1351.00, 1358.00, 1343.00, 1350.00, 1350.14, 683
m, 09:31:00-000, 1351.00, 1360.00, 1343.00, 1355.00, 1352.44, 339
m, 09:32:00-000, 1351.00, 1360.00, 1344.00, 1348.00, 1349.94, 679
m, 09:33:00-000, 1349.00, 1358.00, 1345.00, 1350.00, 1350.94, 495
m, 09:34:00-000, 1349.00, 1358.00, 1345.00, 1351.00, 1350.30, 838
m, 09:35:00-000, 1351.00, 1356.00, 1344.00, 1353.00, 1349.58, 347
m, 09:36:00-000, 1352.00, 1358.00, 1343.00, 1355.00, 1349.83, 959
m, 09:37:00-000, 1352.00, 1356.00, 1345.00, 1350.00, 1349.46, 701
m, 09:38:00-000, 1350.00, 1358.00, 1344.00, 1350.00, 1350.15, 1107
m, 09:39:00-000, 1350.00, 1359.00, 1345.00, 1350.00, 1352.24, 316
m, 09:40:00-000, 1350.00, 1358.00, 1344.00, 1351.00, 1349.89, 1165
m, 09:41:00-000, 1351.00, 1355.00, 1344.00, 1346.00, 1348.53, 819
m, 09:42:00-000, 1347.00, 1357.00, 1343.00, 1349.00, 1350.15, 1004
m, 09:43:00-000, 1352.00, 1357.00, 1345.00, 1349.00, 1350.96, 342
m, 09:44:00-000, 1350.00, 1356.00, 1344.00, 1347.00, 1349.32, 1064
m, 09:45:00-000, 1351.00, 1357.00, 1344.00, 1350.00, 1349.79, 608
m, 09:46:00-000, 1349.00, 1357.00, 1344.00, 1350.00, 1349.59, 917
m, 09:47:00-000, 1352.00, 1357.00, 1345.00, 1354.00, 1350.80, 303
m, 09:48:00-000, 1356.00, 1357.00, 1345.00, 1347.00, 1349.95, 936
m, 09:49:00-000, 1347.00, 1355.00, 1343.00, 1349.00, 1349.05, 661
m, 09:50:00-000, 1351.00, 1356.00, 1342.00, 1347.00, 1349.40, 1001
m, 09:51:00-000, 1348.00, 1356.00, 1343.00, 1355.00, 1350.07, 341
m, 09:52:00-000, 1349.00, 1357.00, 1345.00, 1350.00, 1350.43, 953
m, 09:53:00-000, 1350.00, 1356.00, 1344.00, 1351.00, 1349.77, 710
m, 09:54:00-000, 1352.00, 1356.00, 1344.00, 1350.00, 1349.84, 956
m, 09:55:00-000, 1350.00, 1357.00, 1344.00, 1350.00, 1350.71, 324
m, 09:56:00-000, 1349.00, 1357.00, 1344.00, 1351.00, 1349.98, 1058
m, 09:57:00-000, 1352.00, 1355.00, 1344.00, 1351.00, 1349.37, 696
m, 09:58:00-000, 1350.00, 1356.00, 1343.00, 1355.00, 1349.75, 1022
m, 09:59:00-000, 1352.00, 1357.00, 1345.00, 1352.00, 1351.19, 325
m, 10:00:00-000, 1353.00, 1356.00, 1343.00, 1352.00, 1349.62, 1003
m, 10:01:00-000, 1351.00, 1356.00, 1344.00, 1350.00, 1349.79, 753
m, 10:02:00-000, 1349.00, 1357.00, 1345.00, 1350.00, 1349.59, 923
m, 10:03:00-000, 1350.00, 1356.00, 1343.00, 1349.00, 1349.87, 272
m, 10:04:00-000, 1350.00, 1356.00, 1344.00, 1348.00, 1349.09, 1016
m, 10:05:00-000, 1348.00, 1356.00, 1344.00, 1350.00, 1350.05, 709
m, 10:06:00-000, 1355.00, 1356.00, 1343.00, 1350.00, 1349.13, 974
m, 10:07:00-000, 1352.00, 1356.00, 1345.00, 1349.00, 1351.06, 286
m, 10:08:00-000, 1348.00, 1357.00, 1343.00, 1351.00, 1349.75, 1007
m, 10:09:00-000, 1352.00, 1355.00, 1344.00, 1346.00, 1349.22, 712
m, 10:10:00-000, 1346.00, 1355.00, 1343.00, 1346.00, 1349.16, 1048
m, 10:11:00-000, 1349.00, 1357.00, 1343.00, 1351.00, 1351.97, 376
m, 10:12:00-000, 1353.00, 1357.00, 1342.00, 1352.00, 1349.03, 995
m, 10:13:00-000, 1354.00, 1356.00, 1344.00, 1353.00, 1349.68, 769
m, 10:14:00-000, 1354.00, 1357.00, 1342.00, 1348.00, 1349.13, 1059
m, 10:15:00-000, 1345.00, 1357.00, 1341.00, 1350.00, 1349.26, 331
m, 10:16:00-000, 1351.00, 1357.00, 1345.00, 1349.00, 1350.07, 998
m, 10:17:00-000, 1351.00, 1357.00, 1343.00, 1353.00, 1349.53, 737
m, 10:18:00-000, 1354.00, 1357.00, 1344.00, 1350.00, 1349.67, 936
m, 10:19:00-000, 1351.00, 1356.00, 1343.00, 1355.00, 1350.27, 289
m, 10:20:00-000, 1354.00, 1357.00, 1344.00, 1355.00, 1350.78, 981
m, 10:21:00-000, 1353.00, 1357.00, 1345.00, 1351.00, 1350.49, 663
m, 10:22:00-000, 1352.00, 1357.00, 1344.00, 1350.00, 1349.96, 980
m, 10:23:00-000, 1350.00, 1358.00, 1345.00, 1350.00, 1351.68, 291
m, 10:24:00-000, 1349.00, 1356.00, 1343.00, 1351.00, 1349.08, 952
m, 10:25:00-000, 1352.00, 1356.00, 1345.00, 1353.00, 1350.23, 704
m, 10:26:00-000, 1352.00, 1357.00, 1344.00, 1349.00, 1349.99, 995
m, 10:27:00-000, 1346.00, 1357.00, 1345.00, 1351.00, 1350.67, 306
m, 10:28:00-000, 1351.00, 1357.00, 1344.00, 1351.00, 1349.75, 1034
m, 10:29:00-000, 1352.00, 1356.00, 1342.00, 1348.00, 1348.81, 682
m, 10:30:00-000, 1349.00, 1355.00, 1341.00, 1351.00, 1349.55, 1007
m, 10:31:00-000, 1353.00, 1355.00, 1344.00, 1347.00, 1350.15, 320
m, 10:32:00-000, 1349.00, 1357.00, 1344.00, 1350.00, 1350.34, 929
m, 10:33:00-000, 1351.00, 1354.00, 1344.00, 1348.00, 1349.48, 723
m, 10:34:00-000, 1351.00, 1356.00, 1344.00, 1347.00, 1349.50, 1038
m, 10:35:00-000, 1350.00, 1356.00, 1343.00, 1352.00, 1349.94, 315
m, 10:36:00-000, 1353.00, 1356.00, 1344.00, 1349.00, 1349.61, 1023
m, 10:37:00-000, 1348.00, 1355.00, 1342.00, 1350.00, 1349.39, 763
m, 10:38:00-000, 1352.00, 1356.00, 1344.00, 1351.00, 1348.89, 1054
m, 10:39:00-000, 1353.00, 1355.00, 1344.00, 1350.00, 1349.33, 337
m, 10:40:00-000, 1352.00, 1355.00, 1343.00, 1353.00, 1349.32, 972
m, 10:41:00-000, 1350.00, 1356.00, 1345.00, 1352.00, 1349.65, 684
m, 10:42:00-000, 1351.00, 1356.00, 1343.00, 1351.00, 1349.58, 991
m, 10:43:00-000, 1351.00, 1356.00, 1344.00, 1352.00, 1350.36, 325
m, 10:44:00-000, 1351.00, 1356.00, 1344.00, 1351.00, 1349.66, 975
m, 10:45:00-000, 1351.00, 1356.00, 1344.00, 1352.00, 1349.79, 652
m, 10:46:00-000, 1352.00, 1356.00, 1342.00, 1348.00, 1349.34, 991
m, 10:47:00-000, 1350.00, 1356.00, 1341.00, 1354.00, 1349.09, 434
m, 10:48:00-000, 1353.00, 1357.00, 1344.00, 1353.00, 1349.74, 1090
m, 10:49:00-000, 1352.00, 1354.00, 1344.00, 1354.00, 1348.98, 695
m, 10:50:00-000, 1354.00, 1356.00, 1342.00, 1351.00, 1350.09, 1011
m, 10:51:00-000, 1353.00, 1358.00, 1344.00, 1350.00, 1351.19, 331
m, 10:52:00-000, 1351.00, 1357.00, 1343.00, 1348.00, 1349.28, 970
m, 10:53:00-000, 1348.00, 1355.00, 1343.00, 1349.00, 1349.47, 751
m, 10:54:00-000, 1345.00, 1356.00, 1343.00, 1350.00, 1349.57, 1040
m, 10:55:00-000, 1350.00, 1356.00, 1345.00, 1348.00, 1350.55, 306
m, 10:56:00-000, 1349.00, 1356.00, 1344.00, 1352.00, 1349.80, 863
m, 10:57:00-000, 1350.00, 1355.00, 1344.00, 1353.00, 1349.23, 726
m, 10:58:00-000, 1355.00, 1356.00, 1343.00, 1350.00, 1349.39, 1006
m, 10:59:00-000, 1350.00, 1357.00, 1342.00, 1350.00, 1350.00, 345
m, 11:00:00-000, 1351.00, 1357.00, 1343.00, 1350.00, 1349.63, 1069
m, 11:01:00-000, 1350.00, 1357.00, 1345.00, 1350.00, 1350.23, 680
m, 11:02:00-000, 1352.00, 1356.00, 1342.00, 1348.00, 1349.22, 1015
m, 11:03:00-000, 1349.00, 1356.00, 1345.00, 1349.00, 1350.39, 296
m, 11:04:00-000, 1350.00, 1356.00, 1344.00, 1350.00, 1349.98, 955
m, 11:05:00-000, 1350.00, 1356.00, 1345.00, 1350.00, 1349.73, 649
m, 11:06:00-000, 1350.00, 1355.00, 1343.00, 1349.00, 1349.17, 962
m, 11:07:00-000, 1347.00, 1355.00, 1344.00, 1350.00, 1349.93, 372
m, 11:08:00-000, 1349.00, 1355.00, 1343.00, 1352.00, 1349.25, 1032
m, 11:09:00-000, 1350.00, 1356.00, 1343.00, 1349.00, 1348.71, 707
m, 11:10:00-000, 1350.00, 1357.00, 1342.00, 1349.00, 1349.98, 1109
m, 11:11:00-000, 1351.00, 1358.00, 1344.00, 1351.00, 1351.31, 313
m, 11:12:00-000, 1345.00, 1354.00, 1342.00, 1353.00, 1348.81, 1064
m, 11:13:00-000, 1354.00, 1355.00, 1343.00, 1348.00, 1349.08, 740
m, 11:14:00-000, 1345.00, 1356.00, 1343.00, 1351.00, 1349.95, 1034
m, 11:15:00-000, 1349.00, 1356.00, 1343.00, 1352.00, 1350.00, 331
m, 11:16:00-000, 1355.00, 1356.00, 1344.00, 1345.00, 1349.29, 992
m, 11:17:00-000, 1353.00, 1355.00, 1341.00, 1349.00, 1348.25, 742
m, 11:18:00-000, 1349.00, 1356.00, 1341.00, 1356.00, 1349.57, 969
m, 11:19:00-000, 1350.00, 1356.00, 1343.00, 1350.00, 1350.58, 332
m, 11:20:00-000, 1351.00, 1357.00, 1343.00, 1351.00, 1349.96, 984
m, 11:21:00-000, 1350.00, 1355.00, 1344.00, 1350.00, 1348.79, 684
m, 11:22:00-000, 1351.00, 1356.00, 1342.00, 1353.00, 1348.94, 1038
m, 11:23:00-000, 1355.00, 1357.00, 1344.00, 1354.00, 1351.25, 327
m, 11:24:00-000, 1347.00, 1356.00, 1342.00, 1349.00, 1349.65, 1030
m, 11:25:00-000, 1351.00, 1355.00, 1344.00, 1350.00, 1349.20, 704
m, 11:26:00-000, 1350.00, 1356.00, 1343.00, 1347.00, 1349.49, 996
m, 11:27:00-000, 1348.00, 1354.00, 1343.00, 1351.00, 1349.91, 356
m, 11:28:00-000, 1354.00, 1356.00, 1344.00, 1351.00, 1349.97, 1117
m, 11:29:00-000, 1350.00, 1355.00, 1342.00, 1349.00, 1348.22, 704
m, 11:30:00-000, 1349.00, 1355.00, 1344.00, 1353.00, 1349.23, 916
m, 11:31:00-000, 1349.00, 1356.00, 1345.00, 1354.00, 1350.28, 327
m, 11:32:00-000, 1353.00, 1356.00, 1343.00, 1348.00, 1349.97, 1033
m, 11:33:00-000, 1348.00, 1357.00, 1344.00, 1352.00, 1350.43, 741
m, 11:34:00-000, 1352.00, 1357.00, 1343.00, 1351.00, 1350.30, 1011
m, 11:35:00-000, 1349.00, 1357.00, 1344.00, 1352.00, 1350.08, 357
m, 11:36:00-000, 1351.00, 1356.00, 1343.00, 1345.00, 1348.84, 1044
m, 11:37:00-000, 1348.00, 1355.00, 1345.00, 1352.00, 1349.69, 672
m, 11:38:00-000, 1350.00, 1356.00, 1343.00, 1352.00, 1349.87, 989
m, 11:39:00-000, 1353.00, 1356.00, 1344.00, 1350.00, 1349.97, 360
m, 11:40:00-000, 1352.00, 1355.00, 1342.00, 1352.00, 1349.17, 1070
m, 11:41:00-000, 1353.00, 1356.00, 1345.00, 1349.00, 1349.84, 705
m, 11:42:00-000, 1348.00, 1356.00, 1345.00, 1351.00, 1349.62, 995
m, 11:43:00-000, 1350.00, 1356.00, 1345.00, 1351.00, 1350.24, 339
m, 11:44:00-000, 1351.00, 1355.00, 1344.00, 1354.00, 1349.22, 1023
m, 11:45:00-000, 1350.00, 1356.00, 1345.00, 1356.00, 1350.16, 806
m, 11:46:00-000, 1352.00, 1356.00, 1343.00, 1347.00, 1349.39, 935
m, 11:47:00-000, 1347.00, 1356.00, 1344.00, 1353.00, 1349.55, 427
m, 11:48:00-000, 1352.00, 1356.00, 1344.00, 1351.00, 1349.59, 916
m, 11:49:00-000, 1350.00, 1357.00, 1344.00, 1349.00, 1349.39, 814
m, 11:50:00-000, 1350.00, 1357.00, 1344.00, 1353.00, 1350.22, 1029
m, 11:51:00-000, 1356.00, 1357.00, 1345.00, 1349.00, 1351.41, 364
m, 11:52:00-000, 1351.00, 1356.00, 1343.00, 1349.00, 1349.25, 969
m, 11:53:00-000, 1349.00, 1355.00, 1345.00, 1347.00, 1349.45, 693
m, 11:54:00-000, 1347.00, 1356.00, 1343.00, 1350.00, 1349.14, 964
m, 11:55:00-000, 1351.00, 1356.00, 1344.00, 1350.00, 1349.41, 311
m, 11:56:00-000, 1345.00, 1356.00, 1342.00, 1349.00, 1349.39, 1063
m, 11:57:00-000, 1350.00, 1356.00, 1344.00, 1352.00, 1349.96, 743
m, 11:58:00-000, 1346.00, 1357.00, 1343.00, 1352.00, 1349.83, 1033
m, 11:59:00-000, 1354.00, 1357.00, 1342.00, 1355.00, 1350.79, 334
m, 12:00:00-000, 1357.00, 1357.00, 1344.00, 1353.00, 1349.61, 1000
m, 12:01:00-000, 1353.00, 1355.00, 1343.00, 1351.00, 1349.25, 675
m, 12:02:00-000, 1353.00, 1355.00, 1343.00, 1348.00, 1349.50, 943
m, 12:03:00-000, 1351.00, 1356.00, 1343.00, 1350.00, 1349.61, 360
m, 12:04:00-000, 1351.00, 1358.00, 1344.00, 1347.00, 1350.20, 1085
m, 12:05:00-000, 1346.00, 1356.00, 1344.00, 1350.00, 1349.54, 683
m, 12:06:00-000, 1349.00, 1356.00, 1343.00, 1355.00, 1349.43, 1021
m, 12:07:00-000, 1351.00, 1356.00, 1342.00, 1349.00, 1349.30, 310
m, 12:08:00-000, 1351.00, 1356.00, 1342.00, 1345.00, 1349.07, 1068
m, 12:09:00-000, 1350.00, 1355.00, 1343.00, 1350.00, 1349.67, 700
m, 12:10:00-000, 1350.00, 1356.00, 1343.00, 1350.00, 1349.26, 1117
m, 12:11:00-000, 1356.00, 1357.00, 1345.00, 1350.00, 1351.31, 346
m, 12:12:00-000, 1350.00, 1356.00, 1343.00, 1351.00, 1349.40, 967
m, 12:13:00-000, 1350.00, 1355.00, 1343.00, 1351.00, 1349.77, 688
m, 12:14:00-000, 1349.00, 1356.00, 1344.00, 1353.00, 1349.73, 1036
m, 12:15:00-000, 1354.00, 1356.00, 1343.00, 1352.00, 1349.99, 412
m, 12:16:00-000, 1348.00, 1356.00, 1343.00, 1345.00, 1349.00, 1024
m, 12:17:00-000, 1349.00, 1356.00, 1343.00, 1351.00, 1348.73, 806
m, 12:18:00-000, 1349.00, 1356.00, 1341.00, 1352.00, 1349.70, 949
m, 12:19:00-000, 1353.00, 1356.00, 1345.00, 1349.00, 1350.13, 385
m, 12:20:00-000, 1350.00, 1353.00, 1344.00, 1350.00, 1348.21, 2541
m, 12:21:00-000, 1350.00, 1353.00, 1345.00, 1349.00, 1349.32, 716
m, 12:22:00-000, 1349.00, 1354.00, 1344.00, 1350.00, 1349.04, 1002
m, 12:23:00-000, 1350.00, 1354.00, 1343.00, 1353.00, 1349.62, 399
m, 12:24:00-000, 1352.00, 1354.00, 1344.00, 1352.00, 1349.44, 1212
m, 12:25:00-000, 1353.00, 1354.00, 1343.00, 1345.00, 1348.29, 686
m, 12:26:00-000, 1349.00, 1355.00, 1344.00, 1349.00, 1349.47, 928
m, 12:27:00-000, 1350.00, 1355.00, 1345.00, 1351.00, 1349.88, 276
m, 12:28:00-000, 1351.00, 1355.00, 1343.00, 1348.00, 1349.35, 973
m, 12:29:00-000, 1346.00, 1355.00, 1345.00, 1351.00, 1349.67, 703
m, 12:30:00-000, 1353.00, 1355.00, 1344.00, 1351.00, 1349.41, 1019
m, 12:31:00-000, 1353.00, 1355.00, 1343.00, 1351.00, 1349.30, 342
m, 12:32:00-000, 1350.00, 1356.00, 1344.00, 1352.00, 1349.79, 1038
m, 12:33:00-000, 1351.00, 1356.00, 1343.00, 1348.00, 1349.57, 736
m, 12:34:00-000, 1348.00, 1356.00, 1344.00, 1349.00, 1349.12, 994
m, 12:35:00-000, 1350.00, 1354.00, 1344.00, 1349.00, 1349.25, 303
m, 12:36:00-000, 1347.00, 1355.00, 1342.00, 1347.00, 1349.11, 1071
m, 12:37:00-000, 1349.00, 1356.00, 1345.00, 1352.00, 1350.87, 650
m, 12:38:00-000, 1351.00, 1356.00, 1343.00, 1349.00, 1349.64, 1056
m, 12:39:00-000, 1348.00, 1356.00, 1344.00, 1355.00, 1350.82, 327
m, 12:40:00-000, 1355.00, 1356.00, 1343.00, 1353.00, 1349.29, 910
m, 12:41:00-000, 1354.00, 1354.00, 1344.00, 1350.00, 1349.28, 678
m, 12:42:00-000, 1350.00, 1355.00, 1343.00, 1350.00, 1348.83, 961
m, 12:43:00-000, 1351.00, 1354.00, 1343.00, 1348.00, 1348.33, 309
m, 12:44:00-000, 1345.00, 1356.00, 1343.00, 1350.00, 1348.87, 942
m, 12:45:00-000, 1351.00, 1356.00, 1344.00, 1351.00, 1349.36, 726
m, 12:46:00-000, 1351.00, 1356.00, 1341.00, 1350.00, 1348.68, 1009
m, 12:47:00-000, 1349.00, 1356.00, 1342.00, 1348.00, 1349.65, 309
m, 12:48:00-000, 1345.00, 1355.00, 1344.00, 1349.00, 1349.38, 958
m, 12:49:00-000, 1347.00, 1356.00, 1345.00, 1354.00, 1349.40, 695
m, 12:50:00-000, 1353.00, 1356.00, 1344.00, 1349.00, 1349.76, 1086
m, 12:51:00-000, 1353.00, 1356.00, 1343.00, 1347.00, 1349.59, 352
m, 12:52:00-000, 1349.00, 1356.00, 1343.00, 1351.00, 1349.09, 1047
m, 12:53:00-000, 1351.00, 1356.00, 1345.00, 1352.00, 1350.21, 734
m, 12:54:00-000, 1351.00, 1356.00, 1342.00, 1348.00, 1349.50, 1021
m, 12:55:00-000, 1350.00, 1356.00, 1344.00, 1354.00, 1350.62, 326
m, 12:56:00-000, 1351.00, 1356.00, 1344.00, 1355.00, 1349.04, 1081
m, 12:57:00-000, 1350.00, 1357.00, 1345.00, 1349.00, 1349.97, 739
m, 12:58:00-000, 1349.00, 1355.00, 1344.00, 1350.00, 1348.89, 1022
m, 12:59:00-000, 1349.00, 1355.00, 1344.00, 1348.00, 1349.18, 322
m, 13:00:00-000, 1345.00, 1355.00, 1344.00, 1350.00, 1349.72, 982
m, 13:01:00-000, 1351.00, 1355.00, 1344.00, 1348.00, 1349.26, 744
m, 13:02:00-000, 1348.00, 1356.00, 1342.00, 1353.00, 1348.91, 1015
m, 13:03:00-000, 1352.00, 1356.00, 1342.00, 1349.00, 1349.30, 382
m, 13:04:00-000, 1350.00, 1356.00, 1344.00, 1350.00, 1349.81, 970
m, 13:05:00-000, 1350.00, 1356.00, 1345.00, 1356.00, 1350.13, 683
m, 13:06:00-000, 1355.00, 1356.00, 1342.00, 1348.00, 1349.18, 1004
m, 13:07:00-000, 1347.00, 1356.00, 1342.00, 1351.00, 1349.94, 319
m, 13:08:00-000, 1351.00, 1356.00, 1343.00, 1354.00, 1349.73, 983
m, 13:09:00-000, 1354.00, 1355.00, 1345.00, 1348.00, 1348.71, 641
m, 13:10:00-000, 1348.00, 1356.00, 1343.00, 1348.00, 1349.12, 1039
m, 13:11:00-000, 1349.00, 1357.00, 1344.00, 1351.00, 1351.37, 357
m, 13:12:00-000, 1351.00, 1357.00, 1343.00, 1350.00, 1349.76, 923
m, 13:13:00-000, 1351.00, 1355.00, 1344.00, 1350.00, 1348.83, 693
m, 13:14:00-000, 1350.00, 1355.00, 1343.00, 1350.00, 1349.27, 1046
m, 13:15:00-000, 1345.00, 1356.00, 1344.00, 1344.00, 1348.96, 453
m, 13:16:00-000, 1347.00, 1356.00, 1344.00, 1350.00, 1349.79, 992
m, 13:17:00-000, 1352.00, 1356.00, 1344.00, 1348.00, 1349.50, 701
m, 13:18:00-000, 1350.00, 1355.00, 1342.00, 1350.00, 1349.06, 974
m, 13:19:00-000, 1349.00, 1356.00, 1344.00, 1349.00, 1349.41, 334
m, 13:20:00-000, 1349.00, 1357.00, 1343.00, 1347.00, 1349.98, 1015
m, 13:21:00-000, 1349.00, 1357.00, 1344.00, 1352.00, 1349.66, 738
m, 13:22:00-000, 1353.00, 1357.00, 1344.00, 1350.00, 1350.20, 951
m, 13:23:00-000, 1354.00, 1357.00, 1344.00, 1350.00, 1350.10, 314
m, 13:24:00-000, 1350.00, 1356.00, 1344.00, 1344.00, 1348.99, 1138
m, 13:25:00-000, 1344.00, 1354.00, 1344.00, 1348.00, 1349.27, 667
m, 13:26:00-000, 1349.00, 1355.00, 1342.00, 1346.00, 1349.26, 1099
m, 13:27:00-000, 1346.00, 1356.00, 1342.00, 1351.00, 1348.96, 356
m, 13:28:00-000, 1349.00, 1356.00, 1344.00, 1352.00, 1348.95, 1038
m, 13:29:00-000, 1350.00, 1356.00, 1344.00, 1352.00, 1350.39, 729
m, 13:30:00-000, 1351.00, 1356.00, 1342.00, 1344.00, 1348.60, 1016
m, 13:31:00-000, 1347.00, 1353.00, 1343.00, 1349.00, 1348.59, 265
m, 13:32:00-000, 1349.00, 1356.00, 1341.00, 1347.00, 1349.18, 1052
m, 13:33:00-000, 1350.00, 1355.00, 1342.00, 1351.00, 1348.91, 798
m, 13:34:00-000, 1355.00, 1356.00, 1342.00, 1348.00, 1349.92, 1055
m, 13:35:00-000, 1352.00, 1356.00, 1343.00, 1353.00, 1349.40, 302
m, 13:36:00-000, 1355.00, 1356.00, 1343.00, 1351.00, 1349.35, 945
m, 13:37:00-000, 1355.00, 1356.00, 1344.00, 1354.00, 1348.93, 747
m, 13:38:00-000, 1354.00, 1357.00, 1342.00, 1345.00, 1349.58, 1036
m, 13:39:00-000, 1348.00, 1356.00, 1343.00, 1350.00, 1349.76, 294
m, 13:40:00-000, 1351.00, 1356.00, 1342.00, 1352.00, 1348.94, 1016
m, 13:41:00-000, 1348.00, 1356.00, 1344.00, 1352.00, 1349.73, 737
m, 13:42:00-000, 1352.00, 1356.00, 1345.00, 1346.00, 1349.24, 1051
m, 13:43:00-000, 1350.00, 1356.00, 1343.00, 1350.00, 1350.65, 344
m, 13:44:00-000, 1350.00, 1357.00, 1345.00, 1351.00, 1350.15, 876
m, 13:45:00-000, 1350.00, 1356.00, 1344.00, 1350.00, 1349.30, 711
m, 13:46:00-000, 1347.00, 1356.00, 1343.00, 1349.00, 1349.17, 985
m, 13:47:00-000, 1348.00, 1356.00, 1345.00, 1350.00, 1350.03, 329
m, 13:48:00-000, 1348.00, 1356.00, 1344.00, 1351.00, 1349.69, 1015
m, 13:49:00-000, 1351.00, 1356.00, 1343.00, 1349.00, 1349.67, 653
m, 13:50:00-000, 1350.00, 1356.00, 1342.00, 1346.00, 1348.92, 1018
m, 13:51:00-000, 1350.00, 1356.00, 1343.00, 1350.00, 1349.42, 343
m, 13:52:00-000, 1349.00, 1355.00, 1344.00, 1352.00, 1349.62, 991
m, 13:53:00-000, 1351.00, 1356.00, 1345.00, 1350.00, 1349.39, 719
m, 13:54:00-000, 1348.00, 1358.00, 1344.00, 1350.00, 1349.70, 1019
m, 13:55:00-000, 1351.00, 1357.00, 1344.00, 1352.00, 1350.84, 383
m, 13:56:00-000, 1349.00, 1356.00, 1344.00, 1352.00, 1349.54, 995
m, 13:57:00-000, 1351.00, 1356.00, 1344.00, 1354.00, 1349.62, 738
m, 13:58:00-000, 1354.00, 1355.00, 1344.00, 1350.00, 1349.42, 1005
m, 13:59:00-000, 1350.00, 1356.00, 1345.00, 1351.00, 1350.74, 413
m, 14:00:00-000, 1351.00, 1354.00, 1344.00, 1347.00, 1349.41, 905
m, 14:01:00-000, 1348.00, 1354.00, 1344.00, 1350.00, 1348.83, 633
m, 14:02:00-000, 1349.00, 1356.00, 1343.00, 1349.00, 1350.03, 1020
m, 14:03:00-000, 1349.00, 1357.00, 1343.00, 1350.00, 1350.28, 393
m, 14:04:00-000, 1350.00, 1355.00, 1343.00, 1347.00, 1349.56, 1001
m, 14:05:00-000, 1348.00, 1356.00, 1342.00, 1350.00, 1349.14, 733
m, 14:06:00-000, 1350.00, 1356.00, 1342.00, 1347.00, 1349.59, 909
m, 14:07:00-000, 1353.00, 1356.00, 1344.00, 1353.00, 1350.28, 330
m, 14:08:00-000, 1352.00, 1356.00, 1343.00, 1352.00, 1349.60, 1034
m, 14:09:00-000, 1351.00, 1356.00, 1343.00, 1350.00, 1349.56, 733
m, 14:10:00-000, 1351.00, 1356.00, 1344.00, 1350.00, 1349.80, 1005
m, 14:11:00-000, 1348.00, 1356.00, 1342.00, 1349.00, 1348.49, 313
m, 14:12:00-000, 1351.00, 1354.00, 1344.00, 1345.00, 1348.92, 978
m, 14:13:00-000, 1349.00, 1355.00, 1343.00, 1349.00, 1349.92, 697
m, 14:14:00-000, 1348.00, 1356.00, 1343.00, 1350.00, 1349.73, 932
m, 14:15:00-000, 1351.00, 1355.00, 1343.00, 1349.00, 1349.20, 339
m, 14:16:00-000, 1348.00, 1356.00, 1344.00, 1351.00, 1350.10, 1011
m, 14:17:00-000, 1351.00, 1356.00, 1344.00, 1349.00, 1350.05, 674
m, 14:18:00-000, 1347.00, 1356.00, 1344.00, 1345.00, 1349.67, 1075
m, 14:19:00-000, 1354.00, 1356.00, 1342.00, 1350.00, 1349.69, 377
m, 14:20:00-000, 1351.00, 1357.00, 1345.00, 1348.00, 1349.98, 1052
m, 14:21:00-000, 1348.00, 1354.00, 1344.00, 1349.00, 1348.98, 661
m, 14:22:00-000, 1349.00, 1355.00, 1343.00, 1353.00, 1349.14, 996
m, 14:23:00-000, 1353.00, 1356.00, 1345.00, 1352.00, 1350.82, 318
m, 14:24:00-000, 1350.00, 1357.00, 1344.00, 1353.00, 1349.86, 1071
m, 14:25:00-000, 1352.00, 1357.00, 1345.00, 1353.00, 1350.01, 627
m, 14:26:00-000, 1354.00, 1356.00, 1344.00, 1353.00, 1349.84, 959
m, 14:27:00-000, 1353.00, 1356.00, 1345.00, 1353.00, 1350.70, 423
m, 14:28:00-000, 1350.00, 1356.00, 1344.00, 1351.00, 1349.97, 980
m, 14:29:00-000, 1352.00, 1356.00, 1344.00, 1348.00, 1349.14, 800
m, 14:30:00-000, 1348.00, 1355.00, 1343.00, 1349.00, 1348.96, 913
m, 14:31:00-000, 1351.00, 1356.00, 1344.00, 1351.00, 1350.37, 344
m, 14:32:00-000, 1352.00, 1356.00, 1344.00, 1349.00, 1349.78, 984
m, 14:33:00-000, 1348.00, 1356.00, 1343.00, 1350.00, 1348.81, 741
m, 14:34:00-000, 1351.00, 1356.00, 1343.00, 1353.00, 1348.89, 1115
m, 14:35:00-000, 1352.00, 1356.00, 1344.00, 1350.00, 1350.12, 430
m, 14:36:00-000, 1351.00, 1354.00, 1342.00, 1354.00, 1348.48, 997
m, 14:37:00-000, 1351.00, 1355.00, 1344.00, 1351.00, 1349.56, 721
m, 14:38:00-000, 1350.00, 1355.00, 1345.00, 1352.00, 1349.85, 860
m, 14:39:00-000, 1352.00, 1353.00, 1345.00, 1351.00, 1349.12, 345
m, 14:40:00-000, 1351.00, 1354.00, 1342.00, 1347.00, 1349.02, 1082
m, 14:41:00-000, 1349.00, 1355.00, 1341.00, 1349.00, 1348.44, 810
m, 14:42:00-000, 1350.00, 1356.00, 1342.00, 1351.00, 1348.55, 1016
m, 14:43:00-000, 1352.00, 1354.00, 1342.00, 1351.00, 1348.82, 353
m, 14:44:00-000, 1351.00, 1355.00, 1344.00, 1350.00, 1349.24, 954
m, 14:45:00-000, 1351.00, 1355.00, 1343.00, 1349.00, 1349.32, 799
m, 14:46:00-000, 1349.00, 1356.00, 1345.00, 1347.00, 1349.61, 965
m, 14:47:00-000, 1349.00, 1355.00, 1343.00, 1348.00, 1348.44, 343
m, 14:48:00-000, 1349.00, 1355.00, 1341.00, 1349.00, 1348.79, 1003
m, 14:49:00-000, 1350.00, 1356.00, 1344.00, 1351.00, 1349.62, 778
m, 14:50:00-000, 1350.00, 1356.00, 1341.00, 1349.00, 1349.24, 993
m, 14:51:00-000, 1350.00, 1356.00, 1341.00, 1350.00, 1349.11, 371
m, 14:52:00-000, 1349.00, 1356.00, 1344.00, 1349.00, 1349.86, 967
m, 14:53:00-000, 1349.00, 1355.00, 1345.00, 1350.00, 1349.81, 724
m, 14:54:00-000, 1350.00, 1356.00, 1342.00, 1345.00, 1349.51, 1116
m, 14:55:00-000, 1346.00, 1356.00, 1343.00, 1346.00, 1348.31, 386
m, 14:56:00-000, 1345.00, 1357.00, 1341.00, 1350.00, 1349.14, 1040
m, 14:57:00-000, 1349.00, 1356.00, 1343.00, 1354.00, 1349.13, 700
m, 14:58:00-000, 1356.00, 1356.00, 1343.00, 1354.00, 1350.05, 1005
m, 14:59:00-000, 1356.00, 1357.00, 1343.00, 1354.00, 1351.76, 350
m, 15:00:00-000, 1353.00, 1356.00, 1342.00, 1349.00, 1348.93, 1075
m, 15:01:00-000, 1350.00, 1355.00, 1344.00, 1350.00, 1349.24, 665
m, 15:02:00-000, 1349.00, 1356.00, 1342.00, 1349.00, 1349.23, 1017
m, 15:03:00-000, 1349.00, 1356.00, 1343.00, 1347.00, 1350.18, 333
m, 15:04:00-000, 1349.00, 1356.00, 1344.00, 1351.00, 1348.91, 1001
m, 15:05:00-000, 1349.00, 1356.00, 1345.00, 1350.00, 1349.75, 744
m, 15:06:00-000, 1351.00, 1356.00, 1343.00, 1350.00, 1349.84, 1036
m, 15:07:00-000, 1352.00, 1357.00, 1344.00, 1350.00, 1350.51, 336
m, 15:08:00-000, 1349.00, 1358.00, 1344.00, 1352.00, 1350.14, 1033
m, 15:09:00-000, 1351.00, 1356.00, 1343.00, 1349.00, 1349.08, 607
m, 15:10:00-000, 1349.00, 1355.00, 1344.00, 1352.00, 1349.00, 1061
m, 15:11:00-000, 1348.00, 1354.00, 1343.00, 1350.00, 1349.52, 437
m, 15:12:00-000, 1354.00, 1355.00, 1342.00, 1353.00, 1348.81, 1077
m, 15:13:00-000, 1353.00, 1356.00, 1344.00, 1350.00, 1350.10, 679
m, 15:14:00-000, 1349.00, 1356.00, 1343.00, 1349.00, 1349.10, 960
m, 15:15:00-000, 1345.00, 1354.00, 1343.00, 1345.00, 1347.98, 304
m, 15:16:00-000, 1345.00, 1356.00, 1340.00, 1351.00, 1348.84, 1141
m, 15:17:00-000, 1350.00, 1355.00, 1345.00, 1353.00, 1349.44, 633
m, 15:18:00-000, 1350.00, 1356.00, 1343.00, 1348.00, 1349.44, 1057
m, 15:19:00-000, 1351.00, 1356.00, 1345.00, 1350.00, 1349.97, 319
m, 15:20:00-000, 1350.00, 1355.00, 1344.00, 1353.00, 1349.05, 1050
m, 15:21:00-000, 1355.00, 1356.00, 1345.00, 1350.00, 1349.62, 694
m, 15:22:00-000, 1352.00, 1356.00, 1344.00, 1345.00, 1349.60, 1065
m, 15:23:00-000, 1350.00, 1354.00, 1343.00, 1349.00, 1348.29, 295
m, 15:24:00-000, 1349.00, 1357.00, 1343.00, 1350.00, 1350.08, 978
m, 15:25:00-000, 1351.00, 1354.00, 1343.00, 1349.00, 1348.78, 723
m, 15:26:00-000, 1350.00, 1355.00, 1344.00, 1353.00, 1349.78, 1073
m, 15:27:00-000, 1349.00, 1354.00, 1344.00, 1353.00, 1349.64, 316
m, 15:28:00-000, 1354.00, 1356.00, 1344.00, 1348.00, 1350.09, 1138
m, 15:29:00-000, 1349.00, 1356.00, 1344.00, 1354.00, 1349.69, 666
m, 15:30:00-000, 1353.00, 1356.00, 1345.00, 1351.00, 1349.98, 1006
m, 15:31:00-000, 1352.00, 1354.00, 1343.00, 1349.00, 1348.90, 347
m, 15:32:00-000, 1350.00, 1355.00, 1345.00, 1353.00, 1349.81, 978
m, 15:33:00-000, 1352.00, 1355.00, 1345.00, 1351.00, 1349.20, 667
m, 15:34:00-000, 1351.00, 1354.00, 1342.00, 1349.00, 1349.30, 1074
m, 15:35:00-000, 1347.00, 1355.00, 1345.00, 1351.00, 1350.37, 283
m, 15:36:00-000, 1350.00, 1356.00, 1344.00, 1349.00, 1349.85, 1036
m, 15:37:00-000, 1350.00, 1356.00, 1345.00, 1350.00, 1350.14, 704
m, 15:38:00-000, 1351.00, 1357.00, 1345.00, 1353.00, 1349.93, 1057
m, 15:39:00-000, 1352.00, 1355.00, 1344.00, 1349.00, 1350.04, 335
m, 15:40:00-000, 1350.00, 1353.00, 1345.00, 1348.00, 1348.34, 2580
m, 15:41:00-000, 1349.00, 1354.00, 1344.00, 1350.00, 1349.12, 718
m, 15:42:00-000, 1350.00, 1354.00, 1345.00, 1351.00, 1349.53, 1068
m, 15:43:00-000, 1352.00, 1354.00, 1344.00, 1350.00, 1349.43, 321
m, 15:44:00-000, 1350.00, 1355.00, 1343.00, 1349.00, 1349.64, 898
m, 15:45:00-000, 1353.00, 1355.00, 1344.00, 1351.00, 1349.56, 739
m, 15:46:00-000, 1352.00, 1355.00, 1343.00, 1352.00, 1349.84, 1038
m, 15:47:00-000, 1352.00, 1355.00, 1345.00, 1355.00, 1351.10, 346
m, 15:48:00-000, 1352.00, 1355.00, 1342.00, 1351.00, 1348.99, 980
m, 15:49:00-000, 1351.00, 1355.00, 1345.00, 1348.00, 1349.29, 673
m, 15:50:00-000, 1348.00, 1356.00, 1344.00, 1351.00, 1349.39, 940
m, 15:51:00-000, 1351.00, 1355.00, 1342.00, 1349.00, 1348.76, 408
m, 15:52:00-000, 1349.00, 1356.00, 1343.00, 1351.00, 1349.43, 976
m, 15:53:00-000, 1351.00, 1356.00, 1345.00, 1349.00, 1350.29, 640
m, 15:54:00-000, 1349.00, 1355.00, 1342.00, 1351.00, 1348.77, 1006
m, 15:55:00-000, 1350.00, 1354.00, 1344.00, 1350.00, 1348.66, 286
m, 15:56:00-000, 1350.00, 1356.00, 1344.00, 1350.00, 1349.93, 971
m, 15:57:00-000, 1349.00, 1356.00, 1344.00, 1354.00, 1350.01, 708
m, 15:58:00-000, 1353.00, 1356.00, 1344.00, 1352.00, 1350.02, 972
m, 15:59:00-000, 1354.00, 1356.00, 1343.00, 1352.00, 1350.58, 412
m, 16:00:00-000, 1352.00, 1356.00, 1343.00, 1350.00, 1349.54, 975
m, 16:01:00-000, 1352.00, 1353.00, 1345.00, 1349.00, 1348.88, 717
m, 16:02:00-000, 1351.00, 1355.00, 1341.00, 1351.00, 1348.54, 957
m, 16:03:00-000, 1351.00, 1353.00, 1344.00, 1349.00, 1349.13, 303
m, 16:04:00-000, 1346.00, 1355.00, 1343.00, 1350.00, 1349.04, 1058
m, 16:05:00-000, 1350.00, 1355.00, 1345.00, 1351.00, 1349.79, 664
m, 16:06:00-000, 1352.00, 1356.00, 1345.00, 1350.00, 1350.20, 952
m, 16:07:00-000, 1353.00, 1356.00, 1344.00, 1350.00, 1349.80, 285
m, 16:08:00-000, 1351.00, 1356.00, 1342.00, 1353.00, 1348.56, 1059
m, 16:09:00-000, 1352.00, 1356.00, 1344.00, 1350.00, 1349.51, 769
m, 16:10:00-000, 1349.00, 1355.00, 1341.00, 1349.00, 1348.68, 1019
m, 16:11:00-000, 1350.00, 1356.00, 1341.00, 1350.00, 1350.05, 350
m, 16:12:00-000, 1350.00, 1356.00, 1342.00, 1352.00, 1348.87, 1003
m, 16:13:00-000, 1351.00, 1356.00, 1343.00, 1344.00, 1349.35, 757
m, 16:14:00-000, 1348.00, 1354.00, 1341.00, 1351.00, 1348.73, 993
m, 16:15:00-000, 1349.00, 1354.00, 1342.00, 1349.00, 1348.14, 316
m, 16:16:00-000, 1348.00, 1354.00, 1344.00, 1349.00, 1349.07, 982
m, 16:17:00-000, 1354.00, 1354.00, 1345.00, 1353.00, 1349.03, 687
m, 16:18:00-000, 1354.00, 1356.00, 1343.00, 1354.00, 1350.07, 1062
m, 16:19:00-000, 1353.00, 1357.00, 1345.00, 1350.00, 1351.47, 384
m, 16:20:00-000, 1350.00, 1356.00, 1342.00, 1349.00, 1348.71, 1022
m, 16:21:00-000, 1349.00, 1355.00, 1341.00, 1348.00, 1348.66, 776
m, 16:22:00-000, 1348.00, 1355.00, 1343.00, 1344.00, 1348.80, 1039
m, 16:23:00-000, 1345.00, 1355.00, 1344.00, 1350.00, 1349.58, 335
m, 16:24:00-000, 1350.00, 1356.00, 1341.00, 1352.00, 1349.56, 1075
m, 16:25:00-000, 1351.00, 1356.00, 1345.00, 1351.00, 1349.72, 723
m, 16:26:00-000, 1351.00, 1356.00, 1345.00, 1349.00, 1349.94, 915
m, 16:27:00-000, 1347.00, 1355.00, 1344.00, 1352.00, 1349.46, 379
m, 16:28:00-000, 1351.00, 1356.00, 1342.00, 1351.00, 1349.48, 1043
m, 16:29:00-000, 1351.00, 1355.00, 1344.00, 1351.00, 1349.00, 685
